{"cameraMode":{"drawMode":0,"name":"Shaded","section":"Shading Mode"},"sceneLighting":true,"audioPlay":false,"sceneViewState":{"showFog":true,"showMaterialUpdate":false,"showSkybox":true,"showFlares":true,"showImageEffects":true,"showParticleSystems":true},"in2DMode":false,"pivot":{"x":9.003742218017579,"y":-0.9992103576660156,"z":3.0488243103027345},"rotation":{"x":-0.06614363938570023,"y":0.9314776659011841,"z":-0.28508153557777407,"w":-0.21612569689750672},"size":53.62635803222656,"orthographic":false}